{
  "model_type": "landmark_dnn",
  "input_shape": [
    null,
    63
  ],
  "num_classes": 26,
  "classes": [
    "A",
    "B",
    "C",
    "D",
    "E",
    "F",
    "G",
    "H",
    "I",
    "J",
    "K",
    "L",
    "M",
    "N",
    "O",
    "P",
    "Q",
    "R",
    "S",
    "T",
    "U",
    "V",
    "W",
    "X",
    "Y",
    "Z"
  ],
  "architecture": "Residual Dense Network",
  "normalization": "wrist_relative_L2",
  "training_data": "Real MediaPipe landmarks from local ASL dataset",
  "final_val_accuracy": 99.66,
  "per_class_accuracy": {
    "A": 100.0,
    "B": 99.5575221238938,
    "C": 100.0,
    "D": 100.0,
    "E": 99.5575221238938,
    "F": 100.0,
    "G": 99.59349593495935,
    "H": 99.58333333333333,
    "I": 100.0,
    "J": 99.61389961389962,
    "K": 100.0,
    "L": 100.0,
    "M": 99.38271604938271,
    "N": 95.30201342281879,
    "O": 100.0,
    "P": 99.55357142857143,
    "Q": 100.0,
    "R": 99.59514170040485,
    "S": 100.0,
    "T": 100.0,
    "U": 99.609375,
    "V": 99.59839357429718,
    "W": 100.0,
    "X": 99.10313901345292,
    "Y": 99.60159362549801,
    "Z": 99.55357142857143
  }
}